S.No.,State,Item,2011-12,2012-13,2013-14,2014-15,2015-16,2016-17
1,Andhra Pradesh,"Agriculture, forestry and fishing",9400805,11186428,12895568,14819416,17326726,20386004
1.1,Andhra Pradesh,Crops,5204052,6123041,7114707,7893514,8644285,9717089
1.2,Andhra Pradesh,Livestock,2758776,3358438,3643026,4309078,5155487,5979648
1.3,Andhra Pradesh,Forestry and logging,250314,253029,280493,346160,340550,335487
1.4,Andhra Pradesh,Fishing and aquaculture,1187663,1451920,1857342,2270664,3186404,4353780
2,Andhra Pradesh,Mining and quarrying,1416194,1459027,1419200,1484300,1633100,1757565
Total,Andhra Pradesh,Primary,10816999,12645455,14314768,16303716,18959826,22143569
3,Andhra Pradesh,Manufacturing,5070622,4237657,4242337,4672266,5078685,5740816
4,Andhra Pradesh,"Electricity, gas, water supply & other utility services",1076517,713029,1014130,1151729,1251910,1298947
5,Andhra Pradesh,Construction,3702645,3759004,4065131,4664889,4986189,5467732
Total,Andhra Pradesh,Secondary,9849784,8709690,9321598,10488884,11316784,12507496
6,Andhra Pradesh,"Trade, repair, hotels and restaurants",2673600,3179200,3784900,4233400,4577700,5174600
6.1,Andhra Pradesh,Trade & repair services,2322700,2775600,3290800,3716000,3964000,4382200
6.2,Andhra Pradesh,Hotels & restaurants,350900,403600,494100,517400,613700,792400
7,Andhra Pradesh,"Transport, storage, communication & services related to broadcasting",3251379,3778632,4365811,5076984,5806226,6766317
7.1,Andhra Pradesh,Railways,264279,303702,334468,424228,436596,445372
7.2,Andhra Pradesh,Road transport,1824800,2200400,2516200,2816000,3217400,3798300
7.3,Andhra Pradesh,Water transport,95100,90400,60600,94200,110500,123600
7.4,Andhra Pradesh,Air transport,4500,10600,5100,14900,25000,28000
7.5,Andhra Pradesh,Services incidental to transport,501800,535500,634700,780200,904200,1020800
7.6,Andhra Pradesh,Storage,20700,16600,18700,18700,19000,20600
7.7,Andhra Pradesh,Communication & services related to broadcasting,540200,621430,796043,928756,1093530,1329645
8,Andhra Pradesh,Financial services,1425608,1584297,1710463,1900863,2125508,2415390
9,Andhra Pradesh,"Real estate, ownership of dwelling & professional services",2833805,3434098,3897345,4405409,5092310,5942431
10,Andhra Pradesh,Public administration,1393752,1552379,1738971,2200897,2594904,3039676
11,Andhra Pradesh,Other services,2730376,3063920,3538298,4215389,5248604,6180240
Total,Andhra Pradesh,Tertiary,14308520,16592526,19035788,22032942,25445252,29518654
12,Andhra Pradesh,TOTAL GSVA at basic prices,34975303,37947671,42672154,48825542,55721862,64169719
13,Andhra Pradesh,Taxes on Products,4243900,4656500,5263500,5512100,6719300,7236500
14,Andhra Pradesh,Subsidies on products,1279000,1463800,1508500,1690800,1447800,1475500
15,Andhra Pradesh,Gross State Domestic Product,37940203,41140371,46427154,52646842,60993362,69930719
16,Andhra Pradesh,Population ('00),492750,495660,498570,501510,504460,507430
17,Andhra Pradesh,Per Capita GSDP (Rs.),76997,83001,93121,104977,120908,137814
1,Arunachal Pradesh,"Agriculture, forestry and fishing",455505,545406,603944,686117,744726,
1.1,Arunachal Pradesh,Crops,255815,331962,360344,415520,431318,
1.2,Arunachal Pradesh,Livestock,29657,24249,34027,38387,44386,
1.3,Arunachal Pradesh,Forestry and logging,165510,183780,204038,224017,258676,
1.4,Arunachal Pradesh,Fishing and aquaculture,4523,5415,5535,8193,10346,
2,Arunachal Pradesh,Mining and quarrying,23022,35024,43616,30842,38068,
Total,Arunachal Pradesh,Primary,478527,580430,647560,716959,782794,
3,Arunachal Pradesh,Manufacturing,12900,14827,19714,26120,37743,
4,Arunachal Pradesh,"Electricity, gas, water supply & other utility services",69131,78766,89594,113527,139187,
5,Arunachal Pradesh,Construction,104529,107821,124594,147842,161705,
Total,Arunachal Pradesh,Secondary,186560,201414,233902,287489,338635,
6,Arunachal Pradesh,"Trade, repair, hotels and restaurants",59892,50878,70494,60421,65846,
6.1,Arunachal Pradesh,Trade & repair services,56921,47880,67273,56796,62044,
6.2,Arunachal Pradesh,Hotels & restaurants,2971,2998,3221,3625,3802,
7,Arunachal Pradesh,"Transport, storage, communication & services related to broadcasting",23420,27306,33414,35203,42833,
7.1,Arunachal Pradesh,Railways,30,34,47,59,65,
7.2,Arunachal Pradesh,Road transport,12382,13618,16059,15467,20413,
7.3,Arunachal Pradesh,Water transport,0,0,0,0,0,
7.4,Arunachal Pradesh,Air transport,0,0,0,0,0,
7.5,Arunachal Pradesh,Services incidental to transport,78,89,100,109,121,
7.6,Arunachal Pradesh,Storage,0,0,0,0,0,
7.7,Arunachal Pradesh,Communication & services related to broadcasting,10930,13565,17208,19568,22234,
8,Arunachal Pradesh,Financial services,20884,21562,23571,25207,27548,
9,Arunachal Pradesh,"Real estate, ownership of dwelling & professional services",38261,41869,44949,48418,50432,
10,Arunachal Pradesh,Public administration,135418,149466,183105,243867,265622,
11,Arunachal Pradesh,Other services,142509,167431,189928,218728,257504,
Total,Arunachal Pradesh,Tertiary,420384,458512,545461,631844,709785,
12,Arunachal Pradesh,TOTAL GSVA at basic prices,1085471,1240356,1426923,1636292,1831214,
13,Arunachal Pradesh,Taxes on Products,41341,43899,62683,70099,78392,
14,Arunachal Pradesh,Subsidies on products,20542,29591,29405,30272,31165,
15,Arunachal Pradesh,Gross State Domestic Product,1106270,1254664,1460201,1676119,1878441,
16,Arunachal Pradesh,Population ('00),14000,14280,14570,14870,15160,
17,Arunachal Pradesh,Per Capita GSDP (Rs.),79019,87862,100220,112718,123908,
1,Assam,"Agriculture, forestry and fishing",2848113,3391548,3692959,3855548,4343564,
1.1,Assam,Crops,2061487,2496905,2720261,2890544,3310990,
1.2,Assam,Livestock,159289,179160,155267,173478,175526,
1.3,Assam,Forestry and logging,231388,246368,311458,261987,278521,
1.4,Assam,Fishing and aquaculture,395949,469115,505973,529539,578527,
2,Assam,Mining and quarrying,1464989,1448306,1423477,1471149,1493456,
Total,Assam,Primary,4313102,4839854,5116436,5326697,5837020,
3,Assam,Manufacturing,1540255,1531538,1904299,2002936,2055341,
4,Assam,"Electricity, gas, water supply & other utility services",191883,210901,257083,296587,372236,
5,Assam,Construction,1188747,1270304,1537481,1733568,2093594,
Total,Assam,Secondary,2920885,3012743,3698863,4033091,4521171,
6,Assam,"Trade, repair, hotels and restaurants",2045676,2284041,2573962,2987155,3480621,
6.1,Assam,Trade & repair services,1961211,2191727,2473790,2876251,3353852,
6.2,Assam,Hotels & restaurants,84465,92314,100172,110904,126769,
7,Assam,"Transport, storage, communication & services related to broadcasting",810091,929196,1086729,1194568,1392834,
7.1,Assam,Railways,158334,186316,215234,252509,294682,
7.2,Assam,Road transport,356262,422930,474743,507668,579295,
7.3,Assam,Water transport,43626,47129,25033,4502,5023,
7.4,Assam,Air transport,0,255,9711,26223,29260,
7.5,Assam,Services incidental to transport,36400,39855,36798,35739,37732,
7.6,Assam,Storage,6594,7277,8377,10308,12070,
7.7,Assam,Communication & services related to broadcasting,208875,225434,316833,357619,434772,
8,Assam,Financial services,427077,457213,515905,543651,591575,
9,Assam,"Real estate, ownership of dwelling & professional services",1112543,1225917,1316472,1412466,1534435,
10,Assam,Public administration,821723,929477,982734,1373611,1556575,
11,Assam,Other services,1077923,1182533,1493924,1795658,2209442,
Total,Assam,Tertiary,6295033,7008377,7969726,9307109,10765482,
12,Assam,TOTAL GSVA at basic prices,13529020,14860974,16785025,18666897,21123673,
13,Assam,Taxes on Products,1203476,1346785,1519305,1725309,1945496,
14,Assam,Subsidies on products,415005,521335,529808,582406,645770,
15,Assam,Gross State Domestic Product,14317491,15686424,17774522,19809800,22423399,
16,Assam,Population ('00),314410,318480,322600,326780,331010,
17,Assam,Per Capita GSDP (Rs.),45538,49254,55098,60621,67742,
1,Bihar,"Agriculture, forestry and fishing",6206655,7669989,7371939,7951890,8095024,
1.1,Bihar,Crops,4260778,5336544,4522339,4688237,4577220,
1.2,Bihar,Livestock,1202821,1481102,1831596,2060296,2247038,
1.3,Bihar,Forestry and logging,418682,457077,500976,550132,591042,
1.4,Bihar,Fishing and aquaculture,324374,395266,517028,653224,679725,
2,Bihar,Mining and quarrying,19858,23429,150804,68107,68549,
Total,Bihar,Primary,6226513,7693418,7522743,8019997,8163574,
3,Bihar,Manufacturing,1466570,1035092,2120942,2189965,2892956,
4,Bihar,"Electricity, gas, water supply & other utility services",365887,442206,385931,345168,363130,
5,Bihar,Construction,2701685,2781005,3184760,3449763,3667664,
Total,Bihar,Secondary,4534142,4258302,5691633,5984896,6923750,
6,Bihar,"Trade, repair, hotels and restaurants",4390442,5175534,5205102,7448373,8789191,
6.1,Bihar,Trade & repair services,4110861,4867227,4873547,7081391,8383018,
6.2,Bihar,Hotels & restaurants,279581,308307,331555,366982,406173,
7,Bihar,"Transport, storage, communication & services related to broadcasting",1754480,2161629,2684993,3147173,3658194,
7.1,Bihar,Railways,275142,334829,395681,462413,540400,
7.2,Bihar,Road transport,840472,1069740,1347912,1572288,1833696,
7.3,Bihar,Water transport,4895,2559,1728,2228,2228,
7.4,Bihar,Air transport,3079,5848,4557,13599,13599,
7.5,Bihar,Services incidental to transport,89270,112022,142482,166600,194712,
7.6,Bihar,Storage,7400,8434,8457,10618,10618,
7.7,Bihar,Communication & services related to broadcasting,534222,628197,784175,919427,1062941,
8,Bihar,Financial services,883932,977417,1122273,1178022,1236540,
9,Bihar,"Real estate, ownership of dwelling & professional services",2802336,3121656,3460385,3740641,4081952,
10,Bihar,Public administration,1358743,1477676,1576835,2078171,2129474,
11,Bihar,Other services,2219262,2804281,3404578,4587589,4845291,
Total,Bihar,Tertiary,13409194,15718193,17454166,22179969,24740642,
12,Bihar,TOTAL GSVA at basic prices,24169849,27669913,30668542,36184863,39827966,
13,Bihar,Taxes on Products,1716948,2118544,2623561,3213546,4067111,
14,Bihar,Subsidies on products,1172402,1551663,1581969,2006421,2544756,
15,Bihar,Gross State Domestic Product,24714396,28236794,31710134,37391988,41350321,
16,Bihar,Population ('00),1050570,1067200,1084080,1101240,1118670,
17,Bihar,Per Capita GSDP (Rs.),23525,26459,29251,33954,36964,
1,Chattisgarh,"Agriculture, forestry and fishing",2685950,3180908,3589934,3948847,4341869,4852218
1.1,Chattisgarh,Crops,1798258,2140927,2395705,2613371,2829924,3132527
1.2,Chattisgarh,Livestock,226704,255035,310931,352208,412501,467223
1.3,Chattisgarh,Forestry and logging,426205,503309,559637,597785,672022,778945
1.4,Chattisgarh,Fishing and aquaculture,234783,281637,323661,385483,427422,473523
2,Chattisgarh,Mining and quarrying,1970258,1923021,2144358,2451970,2365874,2482291
Total,Chattisgarh,Primary,4656208,5103929,5734292,6400817,6707743,7334509
3,Chattisgarh,Manufacturing,2435032,2817915,3810105,4370593,4925000,5403213
4,Chattisgarh,"Electricity, gas, water supply & other utility services",709991,970686,1051772,1198438,1351026,1461841
5,Chattisgarh,Construction,1901330,1920771,2260022,2669855,3016954,3391547
Total,Chattisgarh,Secondary,5046354,5709372,7121899,8238886,9292980,10256601
6,Chattisgarh,"Trade, repair, hotels and restaurants",932617,1101271,1288982,1535571,1782734,1979656
6.1,Chattisgarh,Trade & repair services,847597,1011450,1178419,1414164,1666029,1838297
6.2,Chattisgarh,Hotels & restaurants,85020,89821,110563,121407,116706,141359
7,Chattisgarh,"Transport, storage, communication & services related to broadcasting",583708,683320,783315,871770,1003151,1165466
7.1,Chattisgarh,Railways,121509,140418,150098,159176,173471,186151
7.2,Chattisgarh,Road transport,275736,320533,357128,386628,443855,516676
7.3,Chattisgarh,Water transport,0,0,0,0,0,0
7.4,Chattisgarh,Air transport,2217,4215,3337,9507,9842,11038
7.5,Chattisgarh,Services incidental to transport,3756,4347,4818,5232,5680,6084
7.6,Chattisgarh,Storage,10189,11689,14026,16675,19415,22675
7.7,Chattisgarh,Communication & services related to broadcasting,170301,202117,253906,294552,350888,422842
8,Chattisgarh,Financial services,537699,609344,676094,739057,813950,903006
9,Chattisgarh,"Real estate, ownership of dwelling & professional services",1755211,1919629,2227586,2462166,2749303,3034840
10,Chattisgarh,Public administration,549383,611344,781483,867982,1028511,1274761
11,Chattisgarh,Other services,781803,875123,914758,1112232,1320891,1616648
Total,Chattisgarh,Tertiary,5140421,5800031,6672218,7588778,8698541,9974377
12,Chattisgarh,TOTAL GSVA at basic prices,14842983,16613332,19528409,22228481,24699264,27565487
13,Chattisgarh,Taxes on Products,1704500,2087500,2193874,2601791,3002113,3393144
14,Chattisgarh,Subsidies on products,740100,949700,1053267,1332092,1623812,1944661
15,Chattisgarh,Gross State Domestic Product,15807383,17751132,20669016,23498180,26077565,29013970
16,Chattisgarh,Population ('00),257850,262010,266240,270530,274900,279330
17,Chattisgarh,Per Capita GSDP (Rs.),61305,67750,77633,86860,94862,103870
1,Goa,"Agriculture, forestry and fishing",204298,228626,311711,308507,366186,
1.1,Goa,Crops,102417,108207,126747,140421,159400,
1.2,Goa,Livestock,23530,26599,31237,30141,43088,
1.3,Goa,Forestry and logging,11797,12522,13051,15744,19880,
1.4,Goa,Fishing and aquaculture,66554,81298,140676,122201,143819,
2,Goa,Mining and quarrying,643618,208663,3977,3622,3678,
Total,Goa,Primary,847915,437289,315688,312129,369865,
3,Goa,Manufacturing,1629346,1453493,1091757,1177608,1285215,
4,Goa,"Electricity, gas, water supply & other utility services",95883,116876,157732,204110,274414,
5,Goa,Construction,135801,140399,161627,165819,175281,
Total,Goa,Secondary,1861030,1710767,1411116,1547536,1734910,
6,Goa,"Trade, repair, hotels and restaurants",259615,259610,284357,380927,470977,
6.1,Goa,Trade & repair services,231790,229719,251701,343492,427674,
6.2,Goa,Hotels & restaurants,27825,29891,32656,37434,43303,
7,Goa,"Transport, storage, communication & services related to broadcasting",155964,141372,135168,189656,186023,
7.1,Goa,Railways,12158,13498,13559,15649,18061,
7.2,Goa,Road transport,34683,38841,42533,46171,48971,
7.3,Goa,Water transport,42442,22267,12790,17820,20561,
7.4,Goa,Air transport,9731,18426,15901,46359,15904,
7.5,Goa,Services incidental to transport,29654,18371,12158,19272,30779,
7.6,Goa,Storage,192,253,306,357,416,
7.7,Goa,Communication & services related to broadcasting,27105,29716,37921,44028,51330,
8,Goa,Financial services,172930,205807,219431,233618,248722,
9,Goa,"Real estate, ownership of dwelling & professional services",268681,311294,353295,407099,471567,
10,Goa,Public administration,250476,279612,319424,346486,376530,
11,Goa,Other services,123955,141551,163883,180431,200606,
Total,Goa,Tertiary,1231621,1339245,1475558,1738217,1954425,
12,Goa,TOTAL GSVA at basic prices,3940566,3487302,3202361,3597882,4059199,
13,Goa,Taxes on Products,373700,418200,453647,527279,488600,
14,Goa,Subsidies on products,77600,93500,63898,61854,47600,
15,Goa,Gross State Domestic Product,4236666,3812002,3592110,4063307,4500199,
16,Goa,Population ('00),14650,14750,14850,14950,15051,
17,Goa,Per Capita GSDP (Rs.),289192,258441,241893,271793,299003,
1,Gujarat,"Agriculture, forestry and fishing",10736422,9917095,13040117,13769969,14233763,
1.1,Gujarat,Crops,7950972,6767738,9556409,9671086,9516349,
1.2,Gujarat,Livestock,1850549,2011439,2316038,2698910,3164273,
1.3,Gujarat,Forestry and logging,611318,770303,715171,761616,858369,
1.4,Gujarat,Fishing and aquaculture,323584,367616,452499,638357,694772,
2,Gujarat,Mining and quarrying,1850611,2315728,2026283,2117218,2276009,
Total,Gujarat,Primary,12587033,12232823,15066400,15887187,16509773,
3,Gujarat,Manufacturing,15681931,20692579,21997752,24087538,26640817,
4,Gujarat,"Electricity, gas, water supply & other utility services",2190546,2679262,2890694,3409983,3812361,
5,Gujarat,Construction,4469267,4702959,5352370,5526017,5968098,
Total,Gujarat,Secondary,22341743,28074800,30240816,33023538,36421276,
6,Gujarat,"Trade, repair, hotels and restaurants",6646396,8457461,8991796,10178713,10697827,
6.1,Gujarat,Trade & repair services,6646396,8457461,8991796,10178713,10697827,
6.2,Gujarat,Hotels & restaurants,NA,NA,NA,NA,NA,
7,Gujarat,"Transport, storage, communication & services related to broadcasting",3253230,3715274,4015345,4555910,5105238,
7.1,Gujarat,Railways,328792,363157,384751,511593,596006,
7.2,Gujarat,Road transport,NA,NA,NA,NA,NA,
7.3,Gujarat,Water transport,NA,NA,NA,NA,NA,
7.4,Gujarat,Air transport,NA,NA,NA,NA,NA,
7.5,Gujarat,Services incidental to transport*,2126306,2434819,2485294,2744163,3051509,
7.6,Gujarat,Storage,36202,40557,46042,57634,66101,
7.7,Gujarat,Communication & services related to broadcasting,761929,876741,1099258,1242520,1391622,
8,Gujarat,Financial services,2942743,3461652,4116751,4606644,5210114,
9,Gujarat,"Real estate, ownership of dwelling & professional services",3481417,3969395,4564674,5179502,5916201,
10,Gujarat,Public administration,1917276,2184966,2373071,2576195,2887915,
11,Gujarat,Other services,2022268,2419178,2739442,3123413,3628248,
Total,Gujarat,Tertiary,20263330,24207926,26801079,30220377,33445543,
12,Gujarat,TOTAL GSVA at basic prices,55192107,64515549,72108295,79131102,86376592,
13,Gujarat,Taxes on Products,7700384,9515745,10380816,12353171.04,15317932.09,
14,Gujarat,Subsidies on products,1331884,1581757.841,1726792,1981546,2262925.532,
15,Gujarat,Gross State Domestic Product,61560607,72449536,80762319,89502727,99431599,
16,Gujarat,Population ('00),609060,617130,625300,633590,641990,
17,Gujarat,Per Capita GSDP (Rs.),101075,117398,129158,141263,154880,
1,Haryana,"Agriculture, forestry and fishing",6453886,7150666,7929914,8015238,8396709,9466087
1.1,Haryana,Crops,4088737,4457601,4951547,4636731,4727367,5469577
1.2,Haryana,Livestock,1889817,2160183,2483010,2916173,3225085,3524563
1.3,Haryana,Forestry and logging,389490,432560,400345,352254,356483,347491
1.4,Haryana,Fishing and aquaculture,85843,100322,95012,110080,87774,124457
2,Haryana,Mining and quarrying,11882,10013,30643,25186,47743,95975
Total,Haryana,Primary,6465768,7160679,7960557,8040424,8444452,9562062
3,Haryana,Manufacturing,5328609,6663757,7386437,7756921,8487531,9098633
4,Haryana,"Electricity, gas, water supply & other utility services",344604,647542,990052,1101919,1436434,1771999
5,Haryana,Construction,2975966,3042391,3571936,3702571,3930821,4232315
Total,Haryana,Secondary,8649179,10353690,11948425,12561411,13854787,15102947
6,Haryana,"Trade, repair, hotels and restaurants",3310742,3881872,4337016,4986319,5500429,6173305
6.1,Haryana,Trade & repair services,3191526,3750911,4195470,4817784,5307508,5951557
6.2,Haryana,Hotels & restaurants,119216,130961,141546,168535,192922,221748
7,Haryana,"Transport, storage, communication & services related to broadcasting",1727689,1965560,2226172,2560623,2859546,3201201
7.1,Haryana,Railways,268949,333924,349621,423873,473961,533680
7.2,Haryana,Road transport,1004452,1137035,1283657,1452364,1595178,1745342
7.3,Haryana,Water transport,NA,NA,NA,NA,NA,NA
7.4,Haryana,Air transport,NA,NA,NA,NA,NA,NA
7.5,Haryana,Services incidental to transport,139222,156962,163774,190269,211159,234366
7.6,Haryana,Storage,11955,16530,14378,14459,11646,11876
7.7,Haryana,Communication & services related to broadcasting,303112,321109,414741,479658,567602,675936
8,Haryana,Financial services,1165659,1321389,1483809,1671486,1811965,2002221
9,Haryana,"Real estate, ownership of dwelling & professional services",4092800,5007987,6262214,6970183,7855396,8970862
10,Haryana,Public administration,729814,822186,885660,1036377,1154920,1363217
11,Haryana,Other services,1265812,1476085,1652825,2001581,2328010,2753390
Total,Haryana,Tertiary,12292516,14475079,16847695,19226568,21510266,24464197
12,Haryana,TOTAL GSVA at basic prices,27407463,31989448,36756677,39828404,43809505,49129206
13,Haryana,Taxes on Products,3321210,3894111,4365329,4985670,5792396,6729658
14,Haryana,Subsidies on products,974821,1180358,1055793,1067867,1083502,1119258
15,Haryana,Gross State Domestic Product,29753852,34703201,40066212,43746207,48518399,54739606
16,Haryana,Population ('00),255600,259220,262900,266620,270400,274230
17,Haryana,Per Capita GSDP (Rs.),116408,133875,152401,164077,179432,199612
1,Himachal Pradesh,"Agriculture, forestry and fishing",1162626,1313711,1497802,1514981,,
1.1,Himachal Pradesh,Crops,673402,814909,938019,853758,,
1.2,Himachal Pradesh,Livestock,115315,109697,108442,110304,,
1.3,Himachal Pradesh,Forestry and logging,368735,383150,443092,540950,,
1.4,Himachal Pradesh,Fishing and aquaculture,5175,5956,8249,9968,,
2,Himachal Pradesh,Mining and quarrying,28640,30544,28476,33385,,
Total,Himachal Pradesh,Primary,1191266,1344255,1526277,1548366,,
3,Himachal Pradesh,Manufacturing,1799826,2063113,2355433,2543637,,
4,Himachal Pradesh,"Electricity, gas, water supply & other utility services",602408,619270,713480,767268,,
5,Himachal Pradesh,Construction,638216,711075,775084,808256,,
Total,Himachal Pradesh,Secondary,3040450,3393457,3843997,4119162,,
6,Himachal Pradesh,"Trade, repair, hotels and restaurants",456829,513988,583016,615496,,
6.1,Himachal Pradesh,Trade & repair services,357260,407784,473098,494162,,
6.2,Himachal Pradesh,Hotels & restaurants,99569,106203,109918,121333,,
7,Himachal Pradesh,"Transport, storage, communication & services related to broadcasting",300837,351968,445448,552234,,
7.1,Himachal Pradesh,Railways,1720,1919,2309,2528,,
7.2,Himachal Pradesh,Road transport,169771,212617,273314,349608,,
7.3,Himachal Pradesh,Water transport,0,0,0,0,,
7.4,Himachal Pradesh,Air transport,898,1670,1452,3979,,
7.5,Himachal Pradesh,Services incidental to transport,814,1024,1334,1724,,
7.6,Himachal Pradesh,Storage,163,181,120,129,,
7.7,Himachal Pradesh,Communication & services related to broadcasting,127471,134557,166919,194266,,
8,Himachal Pradesh,Financial services,287346,318473,332560,362521,,
9,Himachal Pradesh,"Real estate, ownership of dwelling & professional services",674894,816170,967576,1125937,,
10,Himachal Pradesh,Public administration,375875,437936,468316,553974,,
11,Himachal Pradesh,Other services,612783,714593,768581,923164,,
Total,Himachal Pradesh,Tertiary,2708563,3153127,3565497,4133326,,
12,Himachal Pradesh,TOTAL GSVA at basic prices,6940278,7890839,8935771,9800853,,
13,Himachal Pradesh,Taxes on Products,551418,637988,759234,895317,,
14,Himachal Pradesh,Subsidies on products,219713,246849,218589,259291,,
15,Himachal Pradesh,Gross State Domestic Product,7271983,8281978,9476416,10436879,,
16,Himachal Pradesh,Population ('00),69010,69620,70230,70840,,
17,Himachal Pradesh,Per Capita GSDP (Rs.),105376,118960,134934,147330,,
1,Jharkhand,"Agriculture, forestry and fishing",2233546,2550211,2844215,3211065,3632150,
1.1,Jharkhand,Crops,1342099,1611776,1812103,2094466,2431179,
1.2,Jharkhand,Livestock,477585,459416,493408,562503,594001,
1.3,Jharkhand,Forestry and logging,357560,399912,438916,445149,478733,
1.4,Jharkhand,Fishing and aquaculture,56302,79107,99788,108947,128237,
2,Jharkhand,Mining and quarrying,1620374,1879069,1858615,2037289,2199381,
Total,Jharkhand,Primary,3853920,4429280,4702830,5248354,5831531,
3,Jharkhand,Manufacturing,3016583,3797607,3660373,4114148,4569985,
4,Jharkhand,"Electricity, gas, water supply & other utility services",241235,302773,335541,337489,379501,
5,Jharkhand,Construction,1439526,1455717,1699296,1789834,1927075,
Total,Jharkhand,Secondary,4697344,5556097,5695210,6241471,6876561,
6,Jharkhand,"Trade, repair, hotels and restaurants",1152143,1383070,1595751,1991359,2387496,
6.1,Jharkhand,Trade & repair services,1065983,1272474,1479141,1840196,2204400,
6.2,Jharkhand,Hotels & restaurants,86160,110596,116610,151163,183096,
7,Jharkhand,"Transport, storage, communication & services related to broadcasting",975954,1148809,1325607,1470022,1690746,
7.1,Jharkhand,Railways,297906,362089,404019,472702,551345,
7.2,Jharkhand,Road transport,458247,530804,608092,649648,729492,
7.3,Jharkhand,Water transport,0,NA,0,0,0,
7.4,Jharkhand,Air transport,1373,2448,3362,6716,11455,
7.5,Jharkhand,Services incidental to transport,22315,26547,27554,17436,16136,
7.6,Jharkhand,Storage,384,388,378,306,284,
7.7,Jharkhand,Communication & services related to broadcasting,195729,226533,282202,323214,382034,
8,Jharkhand,Financial services,414386,462493,509609,551441,606546,
9,Jharkhand,"Real estate, ownership of dwelling & professional services",1101151,1290003,1450196,1656784,1898288,
10,Jharkhand,Public administration,981782,927373,928783,1088325,1126349,
11,Jharkhand,Other services,736279,885544,1045235,1375410,1690431,
Total,Jharkhand,Tertiary,5361695,6097292,6855181,8133341,9399856,
12,Jharkhand,TOTAL GSVA at basic prices,13912959,16082669,17253221,19623166,22107948,
13,Jharkhand,Taxes on Products,1511500,1822100,1992669,2499171,2499171,
14,Jharkhand,Subsidies on products,332700,432400,389228,411619,411619,
15,Jharkhand,Gross State Domestic Product,15091759,17472369,18856662,21710718,24195500,
16,Jharkhand,Population ('00),333020,338480,344020,349660,355380,
17,Jharkhand,Per Capita GSDP (Rs.),45318,51620,54813,62091,68083,
1,Karnataka,"Agriculture, forestry and fishing",7554868,8180610,9670052,11219422,10806128,
1.1,Karnataka,Crops,5339455,5749544,6992419,8157179,7517661,
1.2,Karnataka,Livestock,1349662,1506993,1634066,1868771,2117661,
1.3,Karnataka,Forestry and logging,593458,604866,658629,693082,720704,
1.4,Karnataka,Fishing and aquaculture,272293,319207,384938,500390,450102,
2,Karnataka,Mining and quarrying,450254,407345,617181,846882,413803,
Total,Karnataka,Primary,8005122,8587955,10287233,12066304,11219931,
3,Karnataka,Manufacturing,9713888,10850509,11794288,12953843,14170107,
4,Karnataka,"Electricity, gas, water supply & other utility services",1082882,1147835,1275595,1425762,1502906,
5,Karnataka,Construction,5033145,5233950,5940134,6104799,6586669,
Total,Karnataka,Secondary,15829915,17232294,19010018,20484404,22259682,
6,Karnataka,"Trade, repair, hotels and restaurants",6044367,6965384,8309100,8991658,9894203,
6.1,Karnataka,Trade & repair services,4957019,5774921,7007816,7523720,8234129,
6.2,Karnataka,Hotels & restaurants,1087348,1190463,1301284,1467938,1660073,
7,Karnataka,"Transport, storage, communication & services related to broadcasting",3351079,3839568,4405851,5097652,6072643,
7.1,Karnataka,Railways,202215,229754,229577,259482,335247,
7.2,Karnataka,Road transport,2195731,2533015,2870094,3194576,3782060,
7.3,Karnataka,Water transport,26907,25331,22460,24152,23882,
7.4,Karnataka,Air transport,37365,67807,56345,171785,227201,
7.5,Karnataka,Services incidental to transport,47206,39823,44645,55349,61998,
7.6,Karnataka,Storage,27642,31514,34986,42787,48175,
7.7,Karnataka,Communication & services related to broadcasting,814013,912325,1147745,1349520,1594080,
8,Karnataka,Financial services,2879395,3211947,3610955,4094169,4482507,
9,Karnataka,"Real estate, ownership of dwelling & professional services",14366759,17695719,21856110,24766393,29229656,
10,Karnataka,Public administration,1488762,1785628,2060700,2232584,2376712,
11,Karnataka,Other services,3256051,3837408,4501578,5308174,6267020,
Total,Karnataka,Tertiary,31386414,37335654,44744294,50490630,58322740,
12,Karnataka,TOTAL GSVA at basic prices,55221451,63155902,74041545,83041338,91802353,
13,Karnataka,Taxes on Products,7037506,8251452,9806976,11026674,12810724.62,
14,Karnataka,Subsidies on products,1881201,2237308,2059966,1889206,1906295.329,
15,Karnataka,Gross State Domestic Product,60377756,69170046,81788555,92178806,102706783,
16,Karnataka,Population ('00),614820,621510,628270,635100,642010,
17,Karnataka,Per Capita GSDP (Rs.),98204,111294,130181,145141,159977,
1,Kerala,"Agriculture, forestry and fishing",4837594,5036409,5501261,5930617,5871958,
1.1,Kerala,Crops,2904593,2640015,2837347,3070386,2685772,
1.2,Kerala,Livestock,1125351,1411393,1548294,1656104,1890417,
1.3,Kerala,Forestry and logging,430286,469819,492782,499808,559582,
1.4,Kerala,Fishing and aquaculture,377363,515183,622837,704319,736188,
2,Kerala,Mining and quarrying,272483,267683,401836,558824,593520,
Total,Kerala,Primary,5110077,5304091,5903097,6489442,6465479,
3,Kerala,Manufacturing,3420404,4054145,4069129,4273567,4670069,
4,Kerala,"Electricity, gas, water supply & other utility services",467898,538745,570824,482470,611019,
5,Kerala,Construction,5308794,5544177,6436556,7314003,7722140,
Total,Kerala,Secondary,9197095,10137066,11076510,12070040,13003229,
6,Kerala,"Trade, repair, hotels and restaurants",5321692,6502369,7368355,8557345,9916986,
6.1,Kerala,Trade & repair services*,4732163,5849587,6657209,7763847,9031847,
6.2,Kerala,Hotels & restaurants,589529,652782,711146,793498,885139,
7,Kerala,"Transport, storage, communication & services related to broadcasting",2797969,3110217,3608615,4020934,4613037,
7.1,Kerala,Railways,98140,119548,126962,147897,172284,
7.2,Kerala,Road transport**,2001208,2237489,2591554,2761427,2963818,
7.3,Kerala,Water transport,28281,24400,20105,26956,29934,
7.4,Kerala,Air transport,26891,52009,42831,125029,326208,
7.5,Kerala,Services incidental to transport,61793,59010,69440,71567,75275,
7.6,Kerala,Storage,3317,3736,2877,3290,3822,
7.7,Kerala,Communication & services related to broadcasting,578340,614025,754846,884767,1041695,
8,Kerala,Financial services,1430848,1629698,1853055,2010306,2180902,
9,Kerala,"Real estate, ownership of dwelling & professional services",4220948,5223391,6190742,7287633,8584749,
10,Kerala,Public administration,1585585,1718357,1874509,2068915,2306545,
11,Kerala,Other services,3965096,4503098,5035147,5728645,6503671,
Total,Kerala,Tertiary,19322138,22687130,25930423,29673778,34105891,
12,Kerala,TOTAL GSVA at basic prices,33629310,38128287,42910029,48233259,53574598,
13,Kerala,Taxes on Products,3407148,3997082,4455259,5189352,6044402,
14,Kerala,Subsidies on products,631670,894069,861168,822381,785341,
15,Kerala,Gross State Domestic Product,36404788,41231300,46504121,52600230,58833659,
16,Kerala,Population ('00),335015,336662,338174,339843,341525,
17,Kerala,Per Capita GSDP (Rs.),108666,122471,137515,154778,172268,
1,Madhya Pradesh,"Agriculture, forestry and fishing",9107231,12640261,14859567,16235647,17861367,23308835
1.1,Madhya Pradesh,Crops,7333369,10540449,12457830,13216013,13958549,18661843
1.2,Madhya Pradesh,Livestock,897640,1129978,1363179,1932769,2745187,3375141
1.3,Madhya Pradesh,Forestry and logging,811315,892627,943162,965588,1018504,1091337
1.4,Madhya Pradesh,Fishing and aquaculture,64907,77207,95396,121277,139127,180514
2,Madhya Pradesh,Mining and quarrying,1171195,1260187,1548066,1618373,1686385,1924216
Total,Madhya Pradesh,Primary,10278426,13900448,16407633,17854020,19547752,25233051
3,Madhya Pradesh,Manufacturing,3828625,4171724,4018450,4368833,4730335,5175608
4,Madhya Pradesh,"Electricity, gas, water supply & other utility services",903127,1011624,1161616,1272905,1520303,1679614
5,Madhya Pradesh,Construction,3495447,3499404,4080463,4403151,4772101,5186891
Total,Madhya Pradesh,Secondary,8227199,8682752,9260529,10044889,11022739,12042113
6,Madhya Pradesh,"Trade, repair, hotels and restaurants",3378935,4128368,4714291,5357515,6237544,6914838
6.1,Madhya Pradesh,Trade & repair services,3149375,3873696,4427944,5053625,5901007,6556695
6.2,Madhya Pradesh,Hotels & restaurants,229560,254672,286347,303890,336537,358143
7,Madhya Pradesh,"Transport, storage, communication & services related to broadcasting",1831032,2199650,2505384,2865802,3329850,3806046
7.1,Madhya Pradesh,Railways,318912,436586,457608,498734,581300,617543
7.2,Madhya Pradesh,Road transport,949685,1096094,1209997,1369235,1538680,1705112
7.3,Madhya Pradesh,Water transport,0,0,0,0,0,0
7.4,Madhya Pradesh,Air transport,4209,8197,6141,26746,26745,54206
7.5,Madhya Pradesh,Services incidental to transport,25479,29362,32489,36694,41412,46101
7.6,Madhya Pradesh,Storage,18514,23059,26256,29012,33987,38059
7.7,Madhya Pradesh,Communication & services related to broadcasting,514233,606352,772893,905381,1107726,1345025
8,Madhya Pradesh,Financial services,1593654,1732129,1920614,1988794,2384124,2674933
9,Madhya Pradesh,"Real estate, ownership of dwelling & professional services",1639308,1945857,2279709,2660123,3085987,3499140
10,Madhya Pradesh,Public administration,1629141,1907083,2164636,2497321,2873690,3221560
11,Madhya Pradesh,Other services,1791096,2145512,2359317,2747805,3200937,3511083
Total,Madhya Pradesh,Tertiary,11863166,14058599,15943951,18117360,21112132,23627600
12,Madhya Pradesh,TOTAL GSVA at basic prices,30368791,36641799,41612113,46016269,51682623,60902764
13,Madhya Pradesh,Taxes on Products,2983400,3717500,4087700,4284700,4960400,5570200
14,Madhya Pradesh,Subsidies on products,1796100,2266900,1926100,2102800,2245500,2424600
15,Madhya Pradesh,Gross State Domestic Product,31556091,38092399,43773713,48198169,54397523,64048364
16,Madhya Pradesh,Population ('00),732470,743220,754120,765180,776410,787800
17,Madhya Pradesh,Per Capita GSDP (Rs.),43082,51253,58046,62989,70063,81300
1,Maharashtra,"Agriculture, forestry and fishing",14517809,15443212,18586360,16475655,,
1.1,Maharashtra,Crops,9851618,10182217,13079162,10435121,,
1.2,Maharashtra,Livestock,2855741,3282569,3499939,3972829,,
1.3,Maharashtra,Forestry and logging,1516574,1626793,1622060,1592564,,
1.4,Maharashtra,Fishing and aquaculture,293875,351634,385199,475141,,
2,Maharashtra,Mining and quarrying,5649313,5902340,5205701,5282727,,
Total,Maharashtra,Primary,20167122,21345552,23792061,21758383,,
3,Maharashtra,Manufacturing,24603175,28203191,31267420,33660294,,
4,Maharashtra,"Electricity, gas, water supply & other utility services",2617289,2852444,4028665,4334702,,
5,Maharashtra,Construction,7863028,8186890,8867104,9450211,,
Total,Maharashtra,Secondary,35083491,39242525,44163189,47445207,,
6,Maharashtra,"Trade, repair, hotels and restaurants",10560911,12779220,13826084,15839100,,
6.1,Maharashtra,Trade & repair services,9422900,11507640,12433410,14286902,,
6.2,Maharashtra,Hotels & restaurants,1138011,1271580,1392674,1552198,,
7,Maharashtra,"Transport, storage, communication & services related to broadcasting",6450024,7485340,8371252,9697246,,
7.1,Maharashtra,Railways,598786,649139,686231,797933,,
7.2,Maharashtra,Road transport,3122427,3589076,4065463,4644123,,
7.3,Maharashtra,Water transport,122650,187220,172703,223626,,
7.4,Maharashtra,Air transport,99047,183101,144304,174188,,
7.5,Maharashtra,Services incidental to transport,825433,973656,1040005,1175023,,
7.6,Maharashtra,Storage,92479,101918,116229,131237,,
7.7,Maharashtra,Communication & services related to broadcasting,1589202,1801230,2146318,2551115,,
8,Maharashtra,Financial services,11783628,12909085,14993996,16143324,,
9,Maharashtra,"Real estate, ownership of dwelling & professional services",19086971,22457025,26166722,30718051,,
10,Maharashtra,Public administration,3906953,4337362,4763853,5426991,,
11,Maharashtra,Other services,6662495,7831781,9199390,10806363,,
Total,Maharashtra,Tertiary,58450982,67799813,77321297,88631076,,
12,Maharashtra,TOTAL GSVA at basic prices,113701595,128387890,145276547,157834665,,
13,Maharashtra,Taxes on Products,16208500,19830400,23005600,25394800,,
14,Maharashtra,Subsidies on products,2613400,3371700,3531500,4017300,,
15,Maharashtra,Gross State Domestic Product,127296695,144846590,164750647,179212165,,
16,Maharashtra,Population ('00),1131530,1145010,1158650,1172450,,
17,Maharashtra,Per Capita GSDP (Rs.),112500,126502,142192,152853,,
1,Manipur,"Agriculture, forestry and fishing",251623,297165,349942,383140,,
1.1,Manipur,Crops,137772,168583,205623,226583,,
1.2,Manipur,Livestock,52587,58268,67294,75483,,
1.3,Manipur,Forestry and logging,42183,43885,43188,45831,,
1.4,Manipur,Fishing and aquaculture,19081,26429,33836,35243,,
2,Manipur,Mining and quarrying,NA,NA,NA,NA,,
Total,Manipur,Primary,251623,297165,349942,383140,,
3,Manipur,Manufacturing,40990,30594,46011,49501,,
4,Manipur,"Electricity, gas, water supply & other utility services",54276,55506,48391,27490,,
5,Manipur,Construction,100712,106164,120023,143182,,
Total,Manipur,Secondary,195978,192264,214425,220173,,
6,Manipur,"Trade, repair, hotels and restaurants",156450,140653,217288,262950,,
6.1,Manipur,Trade & repair services,149457,132930,208884,253637,,
6.2,Manipur,Hotels & restaurants,6993,7723,8404,9313,,
6.3,Manipur,"Transport, storage, communication & services related to broadcasting",70408,87255,98126,109726,,
7.1,Manipur,Railways,2,3,5,6,,
7.2,Manipur,Road transport,43561,53400,56436,58974,,
7.3,Manipur,Water transport,NA,NA,NA,NA,,
7.4,Manipur,Air transport,1999,3502,2499,6288,,
7.5,Manipur,Services incidental to transport,1816,2226,2330,2441,,
7.6,Manipur,Storage,0,NA,NA,NA,,
7.7,Manipur,Communication & services related to broadcasting,23030,28124,36856,42017,,
8,Manipur,Financial services,23400,25705,28663,30315,,
9,Manipur,"Real estate, ownership of dwelling & professional services",134847,144304,152279,159335,,
10,Manipur,Public administration,231790,243900,252574,297078,,
11,Manipur,Other services,208417,241678,272290,317930,,
Total,Manipur,Tertiary,825312,883495,1021220,1177334,,
12,Manipur,TOTAL GSVA at basic prices,1272913,1372924,1585587,1780647,,
13,Manipur,Taxes on Products,48918,46019,77021,92766,,
14,Manipur,Subsidies on products,30370,44163,42765,69137,,
15,Manipur,Gross State Domestic Product,1291461,1374779,1619843,1804276,,
16,Manipur,Population ('00),28925,29561,30210,30873,,
17,Manipur,Per Capita GSDP (Rs.),44649,46507,53619,58442,,
1,Meghalaya,"Agriculture, forestry and fishing",282868,322670,344514,366521,401331,433602
1.1,Meghalaya,Crops,163103,198591,208494,223330,245122,267849
1.2,Meghalaya,Livestock,59593,60863,69345,72442,75531,78611
1.3,Meghalaya,Forestry and logging,56090,55730,58137,61166,62680,64881
1.4,Meghalaya,Fishing and aquaculture,4082,7486,8538,9583,17998,22261
2,Meghalaya,Mining and quarrying,139436,122745,188716,84529,86582,90932
Total,Meghalaya,Primary,422304,445415,533230,451050,487913,524534
3,Meghalaya,Manufacturing,464603,493214,399384,433213,484399,532284
4,Meghalaya,"Electricity, gas, water supply & other utility services",45558,70063,42870,54473,57931,59784
5,Meghalaya,Construction,113619,103723,117094,150256,162705,179073
Total,Meghalaya,Secondary,623780,667000,559348,637942,705035,771141
6,Meghalaya,"Trade, repair, hotels and restaurants",258058,321598,374564,383974,409337,452787
6.1,Meghalaya,Trade & repair services,239040,300758,351794,357727,378937,417559
6.2,Meghalaya,Hotels & restaurants,19018,20840,22770,26247,30400,35228
7,Meghalaya,"Transport, storage, communication & services related to broadcasting",95615,114541,129657,148189,173458,210783
7.1,Meghalaya,Railways,0,0,0,0,0,0
7.2,Meghalaya,Road transport,70235,82990,90559,105783,125359,153641
7.3,Meghalaya,Water transport,NA,NA,NA,NA,NA,NA
7.4,Meghalaya,Air transport,325,605,525,1443,1717,2112
7.5,Meghalaya,Services incidental to transport,NA,NA,NA,NA,NA,NA
7.6,Meghalaya,Storage,288,320,364,416,474,539
7.7,Meghalaya,Communication & services related to broadcasting,24767,30625,38209,40547,45908,54491
8,Meghalaya,Financial services,55825,56562,60604,64091,69815,74891
9,Meghalaya,"Real estate, ownership of dwelling & professional services",115443,127014,137835,150409,161674,175724
10,Meghalaya,Public administration,177913,183125,208108,239782,248077,264438
11,Meghalaya,Other services,143244,158612,181083,214211,246233,286068
Total,Meghalaya,Tertiary,846097,961451,1091850,1200655,1308595,1464691
12,Meghalaya,TOTAL GSVA at basic prices,1892182,2073867,2184428,2289647,2501543,2760366
13,Meghalaya,Taxes on Products,152456,183013,175549,213272,238522,260542
14,Meghalaya,Subsidies on products,52863,69677,66154,62112,65542,64218
15,Meghalaya,Gross State Domestic Product,1991775,2187202,2293824,2440807,2674523,2956690
16,Meghalaya,Population ('00),30040,30690,31350,32020,32710,33410
17,Meghalaya,Per Capita GSDP (Rs.),66304,71268,73168,76228,81765,88497
1,Mizoram,"Agriculture, forestry and fishing",149468,161353,189886,217010,,
1.1,Mizoram,Crops,75876,83792,101131,116609,,
1.2,Mizoram,Livestock,30336,30843,36832,45590,,
1.3,Mizoram,Forestry and logging,38403,40972,45742,47763,,
1.4,Mizoram,Fishing and aquaculture,4853,5746,6181,7048,,
2,Mizoram,Mining and quarrying,5073,4009,12491,8588,,
Total,Mizoram,Primary,154541,165362,202376,225598,,
3,Mizoram,Manufacturing,6578,7358,8329,8479,,
4,Mizoram,"Electricity, gas, water supply & other utility services",51024,61109,101365,128365,,
5,Mizoram,Construction,89328,88507,113326,133228,,
Total,Mizoram,Secondary,146930,156974,223020,270072,,
6,Mizoram,"Trade, repair, hotels and restaurants",76482,96173,103080,114315,,
6.1,Mizoram,Trade & repair services,74230,93698,100399,111324,,
6.2,Mizoram,Hotels & restaurants,2252,2475,2681,2991,,
7,Mizoram,"Transport, storage, communication & services related to broadcasting",31917,38990,46410,52587,,
7.1,Mizoram,Railways,30,35,33,32,,
7.2,Mizoram,Road transport,21376,25853,30356,34684,,
7.3,Mizoram,Water transport,613,836,580,331,,
7.4,Mizoram,Air transport,103,191,166,144,,
7.5,Mizoram,Services incidental to transport,0,0,0,0,,
7.6,Mizoram,Storage,0,0,0,0,,
7.7,Mizoram,Communication & services related to broadcasting,9795,12075,15275,17395,,
8,Mizoram,Financial services,20053,19581,21502,23168,,
9,Mizoram,"Real estate, ownership of dwelling & professional services",41471,46544,51036,55068,,
10,Mizoram,Public administration,139286,170816,189585,206259,,
11,Mizoram,Other services,132328,156875,176398,186222,,
Total,Mizoram,Tertiary,441537,528979,588011,637619,,
12,Mizoram,TOTAL GSVA at basic prices,743008,851315,1013407,1133289,,
13,Mizoram,Taxes on Products,23226,27434,35819,43084,,
14,Mizoram,Subsidies on products,40365,42556,19889,20440,,
15,Mizoram,Gross State Domestic Product,725869,836193,1029337,1155933,,
16,Mizoram,Population ('00),11108,11345,11586,11833,,
17,Mizoram,Per Capita GSDP (Rs.),65347,73708,88840,97687,,
1,Nagaland,"Agriculture, forestry and fishing",373363,450256,556609,607897,,
1.1,Nagaland,Crops,204304,257414,340577,375825,,
1.2,Nagaland,Livestock,83147,102361,115312,123800,,
1.3,Nagaland,Forestry and logging,79569,83502,93029,99802,,
1.4,Nagaland,Fishing and aquaculture,6344,6978,7690,8470,,
2,Nagaland,Mining and quarrying,5660,6621,8005,8280,,
Total,Nagaland,Primary,379022,456877,564614,616178,,
3,Nagaland,Manufacturing,15122,19400,16831,18346,,
4,Nagaland,"Electricity, gas, water supply & other utility services",29524,33796,34633,37944,,
5,Nagaland,Construction,105135,113744,117862,156072,,
Total,Nagaland,Secondary,149782,166940,169326,212361,,
6,Nagaland,"Trade, repair, hotels and restaurants",105152,124506,129374,140781,,
6.1,Nagaland,Trade & repair services,100064,118795,123498,134174,,
6.2,Nagaland,Hotels & restaurants,5088,5711,5876,6607,,
7,Nagaland,"Transport, storage, communication & services related to broadcasting",57815,63547,71190,77521,,
7.1,Nagaland,Railways,376,449,285,336,,
7.2,Nagaland,Road transport,32072,36447,34417,34548,,
7.3,Nagaland,Water transport,1319,690,466,600,,
7.4,Nagaland,Air transport,937,1744,1515,4153,,
7.5,Nagaland,Services incidental to transport,0,0,0,0,,
7.6,Nagaland,Storage,63,97,80,89,,
7.7,Nagaland,Communication & services related to broadcasting,23049,24120,34427,37794,,
8,Nagaland,Financial services,47701,53134,57079,60393,,
9,Nagaland,"Real estate, ownership of dwelling & professional services",129296,139146,147986,159651,,
10,Nagaland,Public administration,182188,195575,264724,295424,,
11,Nagaland,Other services,155696,196428,237768,259186,,
Total,Nagaland,Tertiary,677849,772336,908121,992956,,
12,Nagaland,TOTAL GSVA at basic prices,1206653,1396153,1642062,1821495,,
13,Nagaland,Taxes on Products,34970,39159,50423,57674,,
14,Nagaland,Subsidies on products,57711,73435,31300,37745,,
15,Nagaland,Gross State Domestic Product,1183912,1361877,1661185,1841424,,
16,Nagaland,Population ('00),19910,20120,20340,20550,,
17,Nagaland,Per Capita GSDP (Rs.),59463,67688,81671,89607,,
1,Odisha,"Agriculture, forestry and fishing",3899782,5319539,5545889,6422978,5923233,6944503
1.1,Odisha,Crops,2508626,3688187,3713058,4382636,3634239,4435505
1.2,Odisha,Livestock,538480,649537,735973,788243,862852,982547
1.3,Odisha,Forestry and logging,584641,635319,730574,791463,852212,871261
1.4,Odisha,Fishing and aquaculture,268035,346496,366283,460636,573930,655191
2,Odisha,Mining and quarrying,2648738,2663875,2861660,2586328,2536315,2565292
Total,Odisha,Primary,6548520,7983414,8407548,9009306,8459548,9509795
3,Odisha,Manufacturing,4116404,4212453,5168498,5754229,6084214,6369453
4,Odisha,"Electricity, gas, water supply & other utility services",498975,621278,703664,833067,954884,1028710
5,Odisha,Construction,2059629,2074154,2314664,2402396,2595864,2783835
Total,Odisha,Secondary,6675009,6907885,8186826,8989693,9634962,10181998
6,Odisha,"Trade, repair, hotels and restaurants",2035854,2436044,2769620,3149555,3472581,3831417
6.1,Odisha,Trade & repair services,1838866,2218946,2533465,2886789,3186965,3518412
6.2,Odisha,Hotels & restaurants,196989,217098,236155,262766,285617,313005
7,Odisha,"Transport, storage, communication & services related to broadcasting",1347538,1560857,1771254,2034016,2288366,2560875
7.1,Odisha,Railways,179466,233719,266785,341494,392608,443594
7.2,Odisha,Road transport,693450,802859,892415,973144,1104364,1235376
7.3,Odisha,Water transport,41962,42597,42862,50349,50873,53726
7.4,Odisha,Air transport,3421,7232,5311,15354,16298,19684
7.5,Odisha,Services incidental to transport,80536,87715,98780,117469,121943,134360
7.6,Odisha,Storage,13967,15384,18233,22675,23106,26398
7.7,Odisha,Communication & services related to broadcasting,334737,371354,446868,513531,579174,647737
8,Odisha,Financial services,796303,910354,962328,1065147,1192545,1269519
9,Odisha,"Real estate, ownership of dwelling & professional services",1707147,1901721,2146627,2348714,2558724,2830137
10,Odisha,Public administration,863077,980808,1390657,1318221,1333157,1489687
11,Odisha,Other services,1738239,1892760,1932774,2340603,2771634,3197566
Total,Odisha,Tertiary,8488159,9682545,10973261,12256258,13617007,15179201
12,Odisha,TOTAL GSVA at basic prices,21711688,24573844,27567635,30255256,31711518,34870994
13,Odisha,Taxes on Products,2031089,2340292,2715614,3151184,3623265,4179956
14,Odisha,Subsidies on products,955550,1086627,1112340,1209349,1146050,1151825
15,Odisha,Gross State Domestic Product,22787227,25827509,29170909,32197092,34188733,37899126
16,Odisha,Population ('00),422220,426510,430840,435220,439630,444100
17,Odisha,Per Capita GSDP (Rs.),53970,60555,67707,73979,77767,85339
1,Punjab,"Agriculture, forestry and fishing",7816825,8373465,9030656,9285716,,
1.1,Punjab,Crops,5007937,5314252,5734357,5690972,,
1.2,Punjab,Livestock,2034580,2222010,2445208,2638842,,
1.3,Punjab,Forestry and logging,715707,769611,758874,848245,,
1.4,Punjab,Fishing and aquaculture,58601,67592,92217,107657,,
2,Punjab,Mining and quarrying,3682,2057,8707,10354,,
Total,Punjab,Primary,7820507,8375522,9039363,9296070,,
3,Punjab,Manufacturing,3750728,4067078,4419233,4790341,,
4,Punjab,"Electricity, gas, water supply & other utility services",714903,816016,856238,911611,,
5,Punjab,Construction,1978423,2054740,2129015,2202962,,
Total,Punjab,Secondary,6444054,6937833,7404486,7904914,,
6,Punjab,"Trade, repair, hotels and restaurants",2532467,2993141,3752484,4419919,,
6.1,Punjab,Trade & repair services,2371685,2815726,3555016,4201252,,
6.2,Punjab,Hotels & restaurants,160781,177415,197468,218667,,
7,Punjab,"Transport, storage, communication & services related to broadcasting",1321324,1540246,1736148,1951809,,
7.1,Punjab,Railways,190402,228932,215046,233389,,
7.2,Punjab,Road transport,625062,708851,823463,928575,,
7.3,Punjab,Water transport,0,0,0,0,,
7.4,Punjab,Air transport,2464,4658,3967,4473,,
7.5,Punjab,Services incidental to transport,32147,36862,42676,48124,,
7.6,Punjab,Storage,48043,91143,64027,76429,,
7.7,Punjab,Communication & services related to broadcasting,423205,469800,586969,660819,,
8,Punjab,Financial services,1464304,1655979,1836932,2057520,,
9,Punjab,"Real estate, ownership of dwelling & professional services",2274674,2574058,2849529,3142786,,
10,Punjab,Public administration,1269455,1486914,1629661,1842730,,
11,Punjab,Other services,2250644,2520089,2909626,3303041,,
Total,Punjab,Tertiary,11112868,12770426,14714380,16717805,,
12,Punjab,TOTAL GSVA at basic prices,25377429,28083782,31158229,33918789,,
13,Punjab,Taxes on Products,2192500,2726900,3252700,3794100,,
14,Punjab,Subsidies on products,907100,1037300,939500,911800,,
15,Punjab,Gross State Domestic Product,26662829,29773382,33471429,36801089,,
16,Punjab,Population ('00),279547,283207,286916,290673,,
17,Punjab,Per Capita GSDP (Rs.),95379,105129,116659,126606,,
1,Rajasthan,"Agriculture, forestry and fishing",11910650,13572561,14418664,15044394,,
1.1,Rajasthan,Crops,7346942,8389344,8675414,7673441,,
1.2,Rajasthan,Livestock,3113617,3523365,3962174,5356257,,
1.3,Rajasthan,Forestry and logging,1416986,1622443,1738606,1956660,,
1.4,Rajasthan,Fishing and aquaculture,33105,37408,42470,58036,,
2,Rajasthan,Mining and quarrying,1841530,3395874,3716758,4069385,,
Total,Rajasthan,Primary,13752181,16968435,18135422,19113780,,
3,Rajasthan,Manufacturing,6666606,5627437,6015398,6552580,,
4,Rajasthan,"Electricity, gas, water supply & other utility services",763271,1059921,979452,1122888,,
5,Rajasthan,Construction,4359171,4568112,4965979,5353326,,
Total,Rajasthan,Secondary,11789049,11255470,11960829,13028794,,
6,Rajasthan,"Trade, repair, hotels and restaurants",4374625,5241569,6201013,7297290,,
6.1,Rajasthan,Trade & repair services,4097894,4943212,5878264,6942748,,
6.2,Rajasthan,Hotels & restaurants,276731,298357,322749,354543,,
7,Rajasthan,"Transport, storage, communication & services related to broadcasting",2312809,2748068,3300711,3814461,,
7.1,Rajasthan,Railways,240962,336900,401763,464638,,
7.2,Rajasthan,Road transport,1410655,1636644,1906004,2121206,,
7.3,Rajasthan,Water transport,0,0,0,0,,
7.4,Rajasthan,Air transport,6698,12715,10561,13469,,
7.5,Rajasthan,Services incidental to transport,31956,37192,43300,47609,,
7.6,Rajasthan,Storage,10113,11053,13916,16584,,
7.7,Rajasthan,Communication & services related to broadcasting,612425,713565,925166,1150955,,
8,Rajasthan,Financial services,1364042,1494592,1717985,1827413,,
9,Rajasthan,"Real estate, ownership of dwelling & professional services",4133721,4921093,5613758,6451997,,
10,Rajasthan,Public administration,1467926,1593519,2001087,2460364,,
11,Rajasthan,Other services,2481856,2892295,3357215,4164287,,
Total,Rajasthan,Tertiary,16134979,18891136,22191768,26015812,,
12,Rajasthan,TOTAL GSVA at basic prices,41676209,47115041,52288019,58158386,,
13,Rajasthan,Taxes on Products,3395875,4206109,4799113,5394503,,
14,Rajasthan,Subsidies on products,1425555,1920765,2117072,2333442,,
15,Rajasthan,Gross State Domestic Product,43646529,49400385,54970060,61219447,,
16,Rajasthan,Population ('00),691240,701220,711340,721610,,
17,Rajasthan,Per Capita GSDP (Rs.),63142,70449,77277,84837,,
1,Sikkim,"Agriculture, forestry and fishing",90137,108278,122419,137447,159217,
1.1,Sikkim,Crops,78207,94942,104440,114976,130878,
1.2,Sikkim,Livestock,7627,8747,12986,17338,22925,
1.3,Sikkim,Forestry and logging,4017,4137,4471,4529,4715,
1.4,Sikkim,Fishing and aquaculture,287,452,523,604,699,
2,Sikkim,Mining and quarrying,800,896,1238,1329,1584,
Total,Sikkim,Primary,90937,109173,123658,138776,160801,
3,Sikkim,Manufacturing,430623,462562,526856,550697,583579,
4,Sikkim,"Electricity, gas, water supply & other utility services",186623,183906,184113,212499,222468,
5,Sikkim,Construction,67095,67755,75613,82058,87830,
Total,Sikkim,Secondary,684341,714223,786582,845253,893877,
6,Sikkim,"Trade, repair, hotels and restaurants",31446,54858,69953,70568,80587,
6.1,Sikkim,Trade & repair services,26677,49790,64502,64624,73799,
6.2,Sikkim,Hotels & restaurants,4769,5069,5450,5945,6789,
7,Sikkim,"Transport, storage, communication & services related to broadcasting",28365,36020,42349,47347,56397,
7.1,Sikkim,Railways,0,0,0,0,0,
7.2,Sikkim,Road transport,21351,28414,31829,35283,41863,
7.3,Sikkim,Water transport,0,0,0,0,0,
7.4,Sikkim,Air transport,0,0,0,0,0,
7.5,Sikkim,Services incidental to transport,0,0,0,0,0,
7.6,Sikkim,Storage,0,0,0,0,0,
7.7,Sikkim,Communication & services related to broadcasting,7014,7606,10520,12064,14534,
8,Sikkim,Financial services,16521,17692,19924,21079,22871,
9,Sikkim,"Real estate, ownership of dwelling & professional services",58394,63935,68702,75330,82007,
10,Sikkim,Public administration,74027,85145,94138,119514,140444,
11,Sikkim,Other services,105179,115696,126386,149265,167844,
Total,Sikkim,Tertiary,313932,373345,421451,483103,550151,
12,Sikkim,TOTAL GSVA at basic prices,1089210,1196742,1331690,1467133,1604829,
13,Sikkim,Taxes on Products,40600,53900,71800,72200,78976,
14,Sikkim,Subsidies on products,13300,16800,17300,18400,20127,
15,Sikkim,Gross State Domestic Product,1116510,1233842,1386190,1520933,1663678,
16,Sikkim,Population ('00),6140,6210,6270,6330,6400,
17,Sikkim,Per Capita GSDP (Rs.),181842,198686,221083,240274,259950,
1,Tamil Nadu,"Agriculture, forestry and fishing",8773221,8439666,10867130,13064238,13143892,13707951
1.1,Tamil Nadu,Crops,5375639,4696306,6294046,7297820,7280028,7557588
1.2,Tamil Nadu,Livestock,2617944,2972027,3738883,4693361,4765971,4995138
1.3,Tamil Nadu,Forestry and logging,355528,338087,399307,392705,415952,434416
1.4,Tamil Nadu,Fishing and aquaculture,424110,433247,434895,680352,681941,720809
2,Tamil Nadu,Mining and quarrying,326843,317889,318743,265536,261638,276321
Total,Tamil Nadu,Primary,9100064,8757555,11185873,13329774,13405530,13984272
3,Tamil Nadu,Manufacturing,15176801,17826090,18137892,18914794,20142365,21026591
4,Tamil Nadu,"Electricity, gas, water supply & other utility services",795604,1267240,1303592,1710379,2073838,2336516
5,Tamil Nadu,Construction,9247221,10235650,11418102,12216718,13395808,14533745
Total,Tamil Nadu,Secondary,25219626,29328980,30859585,32841892,35612011,37896853
6,Tamil Nadu,"Trade, repair, hotels and restaurants",7930219,9691628,11344765,12895842,14567728,15372472
6.1,Tamil Nadu,Trade & repair services,6893400,8505165,9967754,11252588,12593468,13171329
6.2,Tamil Nadu,Hotels & restaurants,1036819,1186463,1377011,1643253,1974260,2201143
7,Tamil Nadu,"Transport, storage, communication & services related to broadcasting",5337904,6145938,6726593,7188320,8008838,8780319
7.1,Tamil Nadu,Railways,316026,370416,401984,468553,548315,581276
7.2,Tamil Nadu,Road transport,2866546,3309408,3581990,3660994,3851117,3978671
7.3,Tamil Nadu,Water transport,66379,62574,59573,70414,83962,100526
7.4,Tamil Nadu,Air transport,43317,80632,62921,180836,339750,492323
7.5,Tamil Nadu,Services incidental to transport*,822307,951481,939475,864407,980474,1113679
7.6,Tamil Nadu,Storage,26961,28773,33162,39834,48814,60273
7.7,Tamil Nadu,Communication & services related to broadcasting,1196369,1342653,1647489,1903283,2156406,2453571
8,Tamil Nadu,Financial services,4019599,4466210,5088062,5598498,5990393,6849037
9,Tamil Nadu,"Real estate, ownership of dwelling & professional services",10253371,12096018,14291455,16830213,19831868,23022995
10,Tamil Nadu,Public administration,2598408,2572501,2962600,3400800,3728920,4561182
11,Tamil Nadu,Other services,4842953,5483888,6378431,7430115,8569379,9858347
Total,Tamil Nadu,Tertiary,34982454,40456183,46791906,53343788,60697126,68444352
12,Tamil Nadu,TOTAL GSVA at basic prices,69302145,78542719,88837364,99515453,109714667,120325477
13,Tamil Nadu,Taxes on Products,8455881,10014105,10988371,12507325,14407032,16216539
14,Tamil Nadu,Subsidies on products,2609517,3008738,2716748,2766405,2854900,2665416
15,Tamil Nadu,Gross State Domestic Product,75148509,85548086,97108987,109256373,121266799,133876600
16,Tamil Nadu,Population ('00),725370,732110,738900,745760,752690,759680
17,Tamil Nadu,Per Capita GSDP (Rs.),103600,116851,131424,146503,161111,176228
1,Telangana,"Agriculture, forestry and fishing",5461488,6726490,7723553,7591501,7755281,9216180
1.1,Telangana,Crops,3236819,4057031,4715888,4162493,3867873,4885862
1.2,Telangana,Livestock,1884801,2278539,2539923,2951299,3436285,3852198
1.3,Telangana,Forestry and logging,191725,207059,218021,210741,213338,210850
1.4,Telangana,Fishing and aquaculture,148143,183861,249721,266968,237785,267270
2,Telangana,Mining and quarrying,1106109,1268476,1238555,1541853,1723849,1889245
Total,Telangana,Primary,6567597,7994966,8962108,9133354,9479130,11105425
3,Telangana,Manufacturing,6215158,5543115,5714839,6353711,6677750,7323500
4,Telangana,"Electricity, gas, water supply & other utility services",783505,589605,870938,716266,661426,666068
5,Telangana,Construction,2278975,2357786,2458242,2854024,3030401,3395388
Total,Telangana,Secondary,9277638,8490506,9044019,9924001,10369577,11384956
6,Telangana,"Trade, repair, hotels and restaurants",3747813,4454669,5127458,6494607,7481535,8786776
6.1,Telangana,Trade & repair services,3048685,3647224,4456270,5724128,6634722,7841875
6.2,Telangana,Hotels & restaurants,699128,807445,671188,770479,846813,944901
7,Telangana,"Transport, storage, communication & services related to broadcasting",2531735,2987019,3229811,3604741,4182002,4895352
7.1,Telangana,Railways,161363,175620,193048,199686,205940,208823
7.2,Telangana,Road transport,1461278,1715757,1869092,2055658,2418848,2863507
7.3,Telangana,Water transport,0,0,0,0,0,0
7.4,Telangana,Air transport,23258,43171,34506,120691,158647,217072
7.5,Telangana,Services incidental to transport,371763,484436,447736,454909,513777,593688
7.6,Telangana,Storage,17531,15328,17085,19805,24206,28510
7.7,Telangana,Communication & services related to broadcasting,496542,552707,668344,753992,860584,983752
8,Telangana,Financial services,2126507,2363216,2659553,3023729,3312302,3700835
9,Telangana,"Real estate, ownership of dwelling & professional services",5551356,6924491,8230664,9478839,10903589,12506017
10,Telangana,Public administration,1131292,1265964,1433832,1711265,2061873,2244545
11,Telangana,Other services,2670927,3035381,3546015,4158229,4848041,5442671
Total,Telangana,Tertiary,17759630,21030740,24227333,28471410,32789342,37576197
12,Telangana,TOTAL GSVA at basic prices,33604865,37516212,42233460,47528765,52638049,60066578
13,Telangana,Taxes on Products,3281100,3716400,4092900,4425700,6034600,6382500
14,Telangana,Subsidies on products,942700,1083300,1107800,836700,1109500,1019700
15,Telangana,Gross State Domestic Product,35943265,40149312,45218560,51117765,57563149,65429378
16,Telangana,Population ('00),356820,360400,364010,367660,371340,375050
17,Telangana,Per Capita GSDP (Rs.),100732,111402,124223,139035,155015,174455
1,Tripura,"Agriculture, forestry and fishing",511201,567087,702979,799825,,
1.1,Tripura,Crops,318959,339064,375086,397591,,
1.2,Tripura,Livestock,33664,42223,70541,88176,,
1.3,Tripura,Forestry and logging,109763,119262,133116,145096,,
1.4,Tripura,Fishing and aquaculture,48815,66538,124236,168961,,
2,Tripura,Mining and quarrying,118123,128413,130634,142391,,
Total,Tripura,Primary,629324,695500,833613,942216,,
3,Tripura,Manufacturing,72651,117529,125869,228625,,
4,Tripura,"Electricity, gas, water supply & other utility services",44297,55855,55022,77870,,
5,Tripura,Construction,148327,151630,174411,177899,,
Total,Tripura,Secondary,265275,325014,355302,484393,,
6,Tripura,"Trade, repair, hotels and restaurants",226839,265292,333695,390423,,
6.1,Tripura,Trade & repair services,226839,265292,333695,390423,,
6.2,Tripura,Hotels & restaurants,NA,NA,NA,NA,,
7,Tripura,"Transport, storage, communication & services related to broadcasting",84316,108895,121265,155956,,
7.1,Tripura,Railways,224,261,261,305,,
7.2,Tripura,Road transport,NA,NA,NA,NA,,
7.3,Tripura,Water transport,NA,NA,NA,NA,,
7.4,Tripura,Air transport,NA,NA,NA,NA,,
7.5,Tripura,Services incidental to transport*,46677,63696,65236,88721,,
7.6,Tripura,Storage,151,187,205,254,,
7.7,Tripura,Communication & services related to broadcasting,37264,44751,55563,66676,,
8,Tripura,Financial services,57103,67963,72348,86094,,
9,Tripura,"Real estate, ownership of dwelling & professional services",119572,135500,168765,190704,,
10,Tripura,Public administration,241678,270564,302004,338244,,
11,Tripura,Other services,255446,260210,316948,323287,,
Total,Tripura,Tertiary,984954,1108424,1315025,1484709,,
12,Tripura,TOTAL GSVA at basic prices,1879553,2128938,2503940,2911319,,
13,Tripura,Taxes on Products,103607,118636,149345,149345,,
14,Tripura,Subsidies on products,62319,81254,94002,94002,,
15,Tripura,Gross State Domestic Product,1920841,2166320,2559283,2966662,,
16,Tripura,Population ('00),37000,37440,37890,38350,,
17,Tripura,Per Capita GSDP (Rs.),51915,57861,67545,77358,,
1,Uttar Pradesh,"Agriculture, forestry and fishing",18324305,21306497,23813650,25097754,28212490,
1.1,Uttar Pradesh,Crops,12415418,14951864,16249998,16215212,18242114,
1.2,Uttar Pradesh,Livestock,4382274,4687592,5908922,7096876,8233666,
1.3,Uttar Pradesh,Forestry and logging,1249516,1358583,1312393,1404936,1330196,
1.4,Uttar Pradesh,Fishing and aquaculture,277097,308458,342337,380730,406514,
2,Uttar Pradesh,Mining and quarrying,653517,688795,868920,901501,783973,
Total,Uttar Pradesh,Primary,18977822,21995292,24682570,25999255,28996463,
3,Uttar Pradesh,Manufacturing,8763582,9522404,11377466,12261649,13604096,
4,Uttar Pradesh,"Electricity, gas, water supply & other utility services",926846,1228906,1663539,2030625,2152779,
5,Uttar Pradesh,Construction,8487701,9320623,10048635,11256450,12225841,
Total,Uttar Pradesh,Secondary,18178129,20071933,23089640,25548724,27982716,
6,Uttar Pradesh,"Trade, repair, hotels and restaurants",6946589,7472500,8713200,9437243,10603082,
6.1,Uttar Pradesh,Trade & repair services,6162196,6641138,7723813,8476139,9523247,
6.2,Uttar Pradesh,Hotels & restaurants,784393,831362,989387,961104,1079835,
7,Uttar Pradesh,"Transport, storage, communication & services related to broadcasting",4048142,4919874,6102126,7404509,8079924,
7.1,Uttar Pradesh,Railways,1066108,1227911,1398344,1618742,1534567,
7.2,Uttar Pradesh,Road transport,1976901,2477770,2885934,3645747,4269516,
7.3,Uttar Pradesh,Water transport,1496,783,528,681,798,
7.4,Uttar Pradesh,Air transport,7630,14732,15692,36582,42841,
7.5,Uttar Pradesh,Services incidental to transport,9842,12019,14738,16323,19116,
7.6,Uttar Pradesh,Storage,111006,122608,137454,171696,196868,
7.7,Uttar Pradesh,Communication & services related to broadcasting,875159,1064051,1649436,1914737,2016218,
8,Uttar Pradesh,Financial services,2518230,2862582,3133376,3392275,3605988,
9,Uttar Pradesh,"Real estate, ownership of dwelling & professional services",9745417,11527819,13018473,14548185,16038848,
10,Uttar Pradesh,Public administration,4234830,5058674,5483464,6152124,6823321,
11,Uttar Pradesh,Other services,3540115,3862890,4318007,5034623,5623362,
Total,Uttar Pradesh,Tertiary,31033323,35704339,40768646,45968959,50774526,
12,Uttar Pradesh,TOTAL GSVA at basic prices,68189274,77771564,88540856,97516938,107753705,
13,Uttar Pradesh,Taxes on Products,7063424,7797300,8962314,10107396,11008735,
14,Uttar Pradesh,Subsidies on products,2847843,3278565,3088598,3287219,3382981,
15,Uttar Pradesh,Gross State Domestic Product,72404855,82290299,94414572,104337115,115379459,
16,Uttar Pradesh,Population ('00),2015910,2046780,2078120,2109940,2110940,
17,Uttar Pradesh,Per Capita GSDP (Rs.),35917,40205,45433,49450,54658,
1,Uttarakhand,"Agriculture, forestry and fishing",1330208,1536643,1579095,1601423,1715039,
1.1,Uttarakhand,Crops,764026,901730,850163,866146,893917,
1.2,Uttarakhand,Livestock,287787,313744,351373,391188,447222,
1.3,Uttarakhand,Forestry and logging,274833,317354,373062,339293,368781,
1.4,Uttarakhand,Fishing and aquaculture,3562,3815,4497,4796,5119,
2,Uttarakhand,Mining and quarrying,186083,205726,354844,244549,298187,
Total,Uttarakhand,Primary,1516291,1742369,1933939,1845972,2013226,
3,Uttarakhand,Manufacturing,4365135,5082899,5439264,5866252,6132562,
4,Uttarakhand,"Electricity, gas, water supply & other utility services",398079,416111,375058,433880,541284,
5,Uttarakhand,Construction,883766,936950,1243051,1342733,1833004,
Total,Uttarakhand,Secondary,5646980,6435960,7057373,7642865,8506850,
6,Uttarakhand,"Trade, repair, hotels and restaurants",1192897,1408869,1614577,1743106,1991602,
6.1,Uttarakhand,Trade & repair services,1013998,1218822,1426694,1534073,1768221,
6.2,Uttarakhand,Hotels & restaurants,178899,190047,187883,209033,223381,
7,Uttarakhand,"Transport, storage, communication & services related to broadcasting",703706,825647,951652,1066693,1224232,
7.1,Uttarakhand,Railways,14140,16514,17214,21295,24470,
7.2,Uttarakhand,Road transport*,218487,259840,287156,307147,339240,
7.3,Uttarakhand,Water transport,NA,NA,NA,NA,NA,
7.4,Uttarakhand,Air transport,652,1229,2158,3889,7053,
7.5,Uttarakhand,Services incidental to transport,NA,NA,NA,-76,NA,
7.6,Uttarakhand,Storage,579,678,735,660,699,
7.7,Uttarakhand,Communication & services related to broadcasting,469848,547386,644389,733778,852770,
8,Uttarakhand,Financial services,293318,320421,357514,385030,421624,
9,Uttarakhand,"Real estate, ownership of dwelling & professional services",588825,671182,739177,831307,935310,
10,Uttarakhand,Public administration,412001,323723,483887,579409,711920,
11,Uttarakhand,Other services,498856,668947,827478,982430,1255262,
Total,Uttarakhand,Tertiary,3689603,4218789,4974285,5587975,6539950,
12,Uttarakhand,TOTAL GSVA at basic prices,10852874,12397118,13965597,15076812,17060026,
13,Uttarakhand,Taxes on Products,919682,1067367,1274054,1434856,1704821,
14,Uttarakhand,Subsidies on products,220207,280963,257991,313139,355716,
15,Uttarakhand,Gross State Domestic Product,11552349,13183522,14981660,16198529,18409131,
16,Uttarakhand,Population ('00),101650,103020,104410,105820,107240,
17,Uttarakhand,Per Capita GSDP (Rs.),113648,127971,143489,153076,171663,
